supplier_id,supplier_name,company_id,first_name,last_name,position,address,city,country,postal,phone,email,ytd_value,category,created,address_lat,address_lon
S3000,Monique Builders,ABN 45 301 598 208,Joanne,Melton,Consultant,109 Merri Creek Trail,Fawkner,Australia,3060,0428463601,JoanneM@Monique.com,470000,Builders,21-Jul-2016,-37.715396201080885,144.98036315291384
S3001,Lisa Apparel,ABN 43 302 758 581,Douglas,Kane,Director,76 Old Eltham Road,Lower Plenty,Australia,3093,0446367569,DouglasK@Lisa.com,780000,Apparel,11-Nov-2016,-37.7283389,145.1173467
S3002,Joshua Property,ABN 45 303 156 248,Tiffany,Alexander,Administator,77 Natalia Avenue,Oakleigh South,Australia,3166,0430034495,TiffanyA@Joshua.com,360000,Property,17-Nov-2014,-37.9160149,145.1065661
S3003,Scott Property,ABN 48 304 420 514,David,Kirk,Administator,100 Victoria Drive,Thomastown,Australia,3060,0436076489,DavidK@Scott.com,840000,Property,15-Jul-2015,-37.68100222995864,144.99037572351645
S3004,Katherine Lawyers,ABN 43 305 792 134,Rebecca,Bauer,Director,48 Ballantyne Street,Burwood East,Australia,3151,0434953530,RebeccaB@Katherine.com,480000,Lawyers,18-Jan-2020,-37.850774353604166,145.1632198191785
S3005,Kenneth Hotel,ABN 43 306 153 129,Nathan,Gross,Operations,58 Upland Road,Strathmore,Australia,3040,0438158775,NathanG@Kenneth.com,830000,Hotel,29-Jan-2017,-37.7407271865844,144.92190290086236
S3006,Tracy Physiotherapy,ABN 45 307 376 146,Matthew,Davis,Manager,44 Bunting Road,Brooklyn,Australia,3025,0428458453,MatthewD@Tracy.com,640000,Physiotherapy,19-Dec-2019,-37.810536496607284,144.8360705655959
S3007,John Lawyers,ABN 44 308 583 722,Robert,Lloyd,Team Leader,45 Burnet Trail,Kew,Australia,3067,0424552748,RobertL@John.com,240000,Lawyers,19-Apr-2018,-37.80014909846221,145.01040367480164
S3008,Laura Clinic,ABN 42 309 583 387,Dana,Castro,Director,56 Richards Street,Coburg,Australia,3058,0434224120,DanaC@Laura.com,560000,Clinic,01-Aug-2016,-37.74198114999998,144.97176805
S3009,Joseph Digital,ABN 47 310 480 747,Jonathan,Wolfe,Consultant,55 Flora Road,Donvale,Australia,3111,0414834232,JonathanW@Joseph.com,130000,Digital,30-Sep-2015,-37.78836949985455,145.1908519805928
S3010,Amanda Lawyers,ABN 43 311 447 799,Rhonda,Shepherd,Operations,67 Beauty Point Road,Research,Australia,3113,0451432266,RhondaS@Amanda.com,410000,Lawyers,30-Sep-2014,-37.71895772729158,145.195484434576
S3011,Joseph Builders,ABN 47 312 269 347,Stacy,Zimmerman,Manager,71 Collard Drive,Diamond Creek,Australia,3096,0428654925,StacyZ@Joseph.com,220000,Builders,26-May-2016,-37.661215298671486,145.16703030533168
S3012,William Physiotherapy,ABN 46 313 472 590,Tanner,Tyler,Director,77 Bridgewater Terrace,Caroline Springs,Australia,3023,0423485109,TannerT@William.com,470000,Physiotherapy,30-Jan-2019,-37.74681811329831,144.7347943566652
S3013,Kelly Finance,ABN 48 314 682 276,Roy,Maldonado,Assistant,121 Brunton Avenue,East Melbourne,Australia,3002,0425772358,RoyM@Kelly.com,870000,Finance,01-Oct-2016,-37.819908999999996,144.98322500667754
S3014,Monica Finance,ABN 47 315 872 738,Zachary,Perez,Consultant,27 Duncans Road,Werribee South,Australia,3030,0457916293,ZacharyP@Monica.com,310000,Finance,22-Mar-2017,-37.935335850905915,144.70733375197835
S3015,Cesar Cleaning,ABN 46 316 576 365,Eric,Thornton,Manager,83 Laluma Street,Essendon,Australia,3040,0430703230,EricT@Cesar.com,190000,Cleaning,13-Jul-2017,-37.75163196039766,144.90628256016313
S3016,Kimberly Lawyers,ABN 46 317 150 125,Tammy,Luna,Administator,71 Haig Court,Doncaster East,Australia,3130,0455946175,TammyL@Kimberly.com,370000,Lawyers,18-Nov-2014,-37.80075308526955,145.1614751249425
S3017,Jose Finance,ABN 45 318 829 567,Jessica,Johnson,Executive,35 Mona Place,South Yarra,Australia,3141,0422961759,JessicaJ@Jose.com,180000,Finance,08-Dec-2018,-37.83703295514767,144.9861393400708
S3018,Lauren Finance,ABN 43 319 385 766,Robert,Smith,Team Leader,26 Rosto Court,Tullamarine,Australia,3045,0443422052,RobertS@Lauren.com,630000,Finance,13-Jun-2015,-37.6912688,144.8806468
S3019,Maria Consulting,ABN 47 320 810 296,Sarah,Davis,Manager,112 Calder Freeway,Keilor,Australia,3036,0450056785,SarahD@Maria.com,460000,Consulting,17-Feb-2017,-37.70022257958347,144.80939911755635
S3020,Ryan Builders,ABN 46 321 575 688,William,Watson,Director,84 Kinnear Street,Footscray,Australia,3011,0426437398,WilliamW@Ryan.com,350000,Builders,29-Nov-2015,-37.7902913,144.89431446649718
S3021,Jennifer Management,ABN 42 322 548 809,Rachel,Macdonald,Administator,62 Kingston Boulevard,,Australia,3029,0436023264,RachelM@Jennifer.com,590000,Management,01-Nov-2015,-37.85645813620254,144.7030131708558
S3022,Zachary Digital,ABN 43 323 584 552,Matthew,Collins,Team Leader,108 Ross Road,Altona North,Australia,3025,0455375412,MatthewC@Zachary.com,630000,Digital,30-Dec-2014,-37.8442913,144.85786492913394
S3023,Brandi Apparel,ABN 46 324 412 151,Bailey,Quinn,Executive,78 Somerton Road,Greenvale,Australia,3059,0418807549,BaileyQ@Brandi.com,470000,Apparel,04-Feb-2020,-37.6285181,144.89424034141325
S3024,Michael Hotel,ABN 46 325 766 730,Richard,Johnson,Director,38 Fuge Street,Highett,Australia,3188,0439184551,RichardJ@Michael.com,630000,Hotel,06-May-2019,-37.94627289947835,145.0289578697733
S3025,Richard Physiotherapy,ABN 47 326 771 456,Elizabeth,Parker,Administator,98 Jasper Road,McKinnon,Australia,3204,0450492557,ElizabethP@Richard.com,150000,Physiotherapy,04-Dec-2016,-37.910092638461535,145.04336236153847
S3026,Matthew Gardening,ABN 48 327 378 235,Michelle,Marsh,Director,78 Outlook Drive,Eaglemont,Australia,3079,0446077079,MichelleM@Matthew.com,340000,Gardening,20-Dec-2019,-37.76697384778,145.06428516022555
S3027,Jared Builders,ABN 47 328 550 156,Alexander,Roy,Operations,37 Dirkala Avenue,Heathmont,Australia,3135,0451247471,AlexanderR@Jared.com,190000,Builders,08-Feb-2017,-37.8378573,145.2363401
S3028,Mason Builders,ABN 41 329 128 864,Alexander,Ortiz,Administator,70 Barwon Court,Clayton South,Australia,3169,0420786141,AlexanderO@Mason.com,440000,Builders,01-Dec-2019,-37.94097738763488,145.11054629027265
S3029,Alexis Finance,ABN 43 330 750 303,Aaron,Lopez,Executive,78 Bannons Lane North,Doreen,Australia,3091,0411620447,AaronL@Alexis.com,390000,Finance,05-Oct-2018,-37.62415725423785,145.16739082610135
S3030,Scott Builders,ABN 42 331 129 734,Bonnie,Bishop,Director,74 Highview Grove,Burwood East,Australia,3151,0461414040,BonnieB@Scott.com,870000,Builders,31-Oct-2019,-37.853068691188156,145.14593561363543
S3031,Kari Hotel,ABN 42 332 235 727,Andrea,Harvey,Director,60 Terminal Drive,Melbourne Airport,Australia,3045,0461324074,AndreaH@Kari.com,720000,Hotel,23-Aug-2015,-37.6759511,144.8585638
S3032,Keith Management,ABN 46 333 653 400,Lauren,Wilson,Operations,36 Reeve Court,Cheltenham,Australia,3192,0449034955,LaurenW@Keith.com,150000,Management,22-May-2019,-37.9591322,145.0579183
S3033,Joel Clinic,ABN 42 334 277 307,Barry,Mclean,Manager,24 Yarra Flats Entry Road,Eaglemont,Australia,3084,0461238949,BarryM@Joel.com,520000,Clinic,08-Sep-2019,-37.76306967349105,145.0774282271549
S3034,Ryan Apparel,ABN 45 335 745 488,Tonya,Lee,Assistant,74 Blue Lake Circuit,Plenty,Australia,3082,0429740882,TonyaL@Ryan.com,320000,Apparel,18-Dec-2016,-37.66909446316361,145.0885918347684
S3035,Sarah Lawyers,ABN 45 336 398 139,Briana,Dennis,Director,47 Christies Road,Ravenhall,Australia,3023,0411383551,BrianaD@Sarah.com,320000,Lawyers,28-Sep-2016,-37.7660719,144.7355342
S3036,Matthew Digital,ABN 48 337 877 553,Glenda,Gill,Director,108 Neil Street,West Footscray,Australia,3012,0460078419,GlendaG@Matthew.com,500000,Digital,12-Sep-2018,-37.79750911905613,144.86476826461907
S3037,Victoria Digital,ABN 46 338 412 668,Ashley,Wilson,Assistant,81 Parkinson Street,Mount Waverley,Australia,3166,0467839684,AshleyW@Victoria.com,590000,Digital,09-Aug-2018,-37.89513736462526,145.10823682370784
S3038,Patrick Apparel,ABN 48 339 691 515,Timothy,Savage,Team Leader,123 Orbital Drive,Kealba,Australia,3021,0438039717,TimothyS@Patrick.com,170000,Apparel,21-Sep-2019,-37.739595484384886,144.82866776747156
S3039,Sarah Accounting,ABN 45 340 804 343,Willie,Lee,Director,97 Tenth Avenue,Carlton North,Australia,3054,0451640055,WillieL@Sarah.com,550000,Accounting,23-Sep-2017,-37.7855345,144.9663802
S3040,Stephanie Finance,ABN 42 341 567 697,Michael,Richardson,Administator,86 Champion Road,Williamstown North,Australia,3016,0413716579,MichaelR@Stephanie.com,170000,Finance,13-Jun-2016,-37.85105615,144.88000858193442
S3041,Paul Builders,ABN 46 342 354 501,Pedro,Nelson,Assistant,118 Winjeel Court,Braybrook,Australia,3019,0416728995,PedroN@Paul.com,20000,Builders,16-Dec-2018,-37.79289890703427,144.85712467518013
S3042,Laura Events,ABN 46 343 795 444,Carla,Oconnell,Assistant,55 Sherwood Road,Eaglemont,Australia,3079,0435027130,CarlaO@Laura.com,650000,Events,04-Jun-2017,-37.759880298163324,145.0555510474832
S3043,Kevin Computers,ABN 44 344 159 482,Rebecca,Sosa,Team Leader,87 Agar Drive,Truganina,Australia,3023,0432529367,RebeccaS@Kevin.com,780000,Computers,02-Dec-2014,-37.7988434,144.7450367
S3044,Ronald Hotel,ABN 46 345 649 637,Angela,Saunders,Consultant,87 Jolimont Road,Forest Hill,Australia,3133,0426044008,AngelaS@Ronald.com,60000,Hotel,15-May-2019,-37.844325228003356,145.1823267180486
S3045,Rachel Accounting,ABN 47 346 628 832,Adam,Thomas,Team Leader,32 Main Yarra Trail Capital City Trail,Burnley,Australia,3121,0459283577,AdamT@Rachel.com,650000,Accounting,26-Sep-2019,-37.8278534,145.0239249
S3046,Cindy Clinic,ABN 41 347 279 364,Roy,Carter,Administator,123 Fred St,Footscray,Australia,3011,0464167315,RoyC@Cindy.com,180000,Clinic,13-Sep-2014,-36.5986096,144.6780052
S3047,Whitney Management,ABN 41 348 545 880,Charles,Mason,Director,45 Little Osborne Street,Williamstown,Australia,3016,0422858715,CharlesM@Whitney.com,670000,Management,24-Nov-2019,-37.86532158910756,144.8916051002756
S3048,Christie Property,ABN 45 349 357 654,Virginia,Wilcox,Administator,85 Newsom Street,Ascot Vale,Australia,3032,0425490761,VirginiaW@Christie.com,620000,Property,16-Jan-2019,-37.77326173958255,144.90573087717874
S3049,Maria Property,ABN 46 350 736 329,Betty,Cook,Team Leader,80 Mornington Peninsula Freeway Onramp,Braeside,Australia,3195,0436067698,BettyC@Maria.com,800000,Property,09-May-2018,-38.00583623767548,145.12238391208777
S3050,Kristin Property,ABN 48 351 707 284,Shawn,Butler,Assistant,119 Tate Street,Pascoe Vale,Australia,3044,0437124213,ShawnB@Kristin.com,880000,Property,20-Jan-2018,-37.733338,144.9265725
S3051,Jacob Physiotherapy,ABN 44 352 560 555,Stephen,Murphy,Operations,73 Ellesmere Parade,Rosanna,Australia,3084,0451519526,StephenM@Jacob.com,520000,Physiotherapy,23-Jan-2015,-37.73195178972593,145.067004202983
S3052,Nicole Services,ABN 41 353 692 664,David,Fernandez,Manager,47 Riverside Track,South Morang,Australia,3090,0460313061,DavidF@Nicole.com,710000,Services,30-May-2018,-37.665243,145.0893068
S3053,Kevin Clinic,ABN 46 354 260 532,Christina,Bauer,Director,29 Louisa Court,Oakleigh South,Australia,3165,0432388190,ChristinaB@Kevin.com,200000,Clinic,20-Mar-2019,-37.9349186,145.08155004023774
S3054,Tony Builders,ABN 42 355 413 240,Danielle,Wu,Team Leader,94 High Street Road,Wantirna South,Australia,3133,0460873477,DanielleW@Tony.com,220000,Builders,18-Aug-2019,-37.877313,145.192283
S3055,Nicholas Computers,ABN 44 356 165 369,Andres,Cruz,Manager,105 Salisbury Court,Sydenham,Australia,3037,0429276262,AndresC@Nicholas.com,130000,Computers,24-Jun-2016,-37.6928394,144.7597736
S3056,Alex Apparel,ABN 43 357 160 878,Amber,Huffman,Consultant,61 Kokoda Road,Williamstown,Australia,3016,0467145822,AmberH@Alex.com,740000,Apparel,19-Jun-2017,-37.85941985,144.88497058074302
S3057,Sara Lawyers,ABN 41 358 411 432,Stacey,Mcgee,Operations,53 Yarra Boulevard,Kew,Australia,3078,0442389755,StaceyM@Sara.com,270000,Lawyers,21-Aug-2018,-37.794652,145.0161321
S3058,Barbara Cleaning,ABN 42 359 586 265,William,Ross,Executive,100 Calendula Circuit,Epping,Australia,3082,0447763002,WilliamR@Barbara.com,600000,Cleaning,18-Jan-2015,-37.650034233882806,145.05543642137815
S3059,Matthew Lawyers,ABN 43 360 354 182,Kristina,Brown,Administator,32 Mirabella Drive,Tullamarine,Australia,3045,0432839332,KristinaB@Matthew.com,850000,Lawyers,20-May-2016,-37.7013483,144.88735000099962
S3060,Linda Property,ABN 47 361 621 790,Jason,Martinez,Team Leader,23 Carnsworth Avenue,Kew,Australia,3101,0425147491,JasonM@Linda.com,660000,Property,24-Nov-2019,-37.803665553686386,145.02333857812852
S3061,Jean Accounting,ABN 46 362 768 601,Gregory,Paul,Consultant,82 Modal Place,Altona,Australia,3018,0456671054,GregoryP@Jean.com,550000,Accounting,27-Jul-2016,-37.85000144999999,144.79344678993573
S3062,Gabriel Digital,ABN 46 363 785 828,Brian,Hernandez,Executive,43 Jenny Rd,Point Cook,Australia,3030,0439713494,BrianH@Gabriel.com,190000,Digital,08-Jul-2019,-36.5986096,144.6780052
S3063,Steven Hotel,ABN 48 364 668 375,Elizabeth,Evans,Executive,64 Foxton Street,St Albans,Australia,3021,0459378990,ElizabethE@Steven.com,560000,Hotel,30-Sep-2017,-37.745848809197945,144.80647622005694
S3064,Christine Trading,ABN 43 365 431 228,Ronald,Barry,Operations,83 Smiley Crescent,Essendon West,Australia,3034,0462808092,RonaldB@Christine.com,760000,Trading,22-Sep-2015,-37.758737400023094,144.8889796362701
S3065,Kimberly Apparel,ABN 42 366 780 774,Randall,Garza,Administator,123 Hopetoun Avenue,Reservoir,Australia,3072,0423266257,RandallG@Kimberly.com,340000,Apparel,07-Jun-2016,-37.7263194318436,144.98854856857858
S3066,Evan Gardening,ABN 44 367 115 406,Stephen,Anderson,Manager,87 Shorts Road,Eltham,Australia,3113,0431260652,StephenA@Evan.com,470000,Gardening,09-Jan-2017,-37.7228371,145.1915301
S3067,Arthur Lawyers,ABN 42 368 492 317,Paula,Dean,Director,95 The Crescent,Port Melbourne,Australia,3207,0461282954,PaulaD@Arthur.com,820000,Lawyers,03-Feb-2020,-37.837603862855886,144.92872072336849
S3068,Michael Clinic,ABN 43 369 376 360,Ashley,Simmons,Executive,39 Phoenix Street,Sunshine North,Australia,3020,0428679190,AshleyS@Michael.com,810000,Clinic,20-May-2018,-37.775875850000006,144.83021685915344
S3069,Elaine Builders,ABN 41 370 432 783,Lori,Francis,Operations,120 George Street,St Albans,Australia,3021,0429672431,LoriF@Elaine.com,60000,Builders,25-Feb-2015,-37.73180707370309,144.80504123043775
S3070,Andrew Finance,ABN 42 371 684 433,Andrew,Martinez,Administator,57 Allendale Road,Research,Australia,3095,0459541268,AndrewM@Andrew.com,80000,Finance,29-Apr-2015,-37.6897065348877,145.16583801325513
S3071,Carol Lawyers,ABN 42 372 707 387,Sandra,Rogers,Assistant,62 Candy Crescent,Braybrook,Australia,3019,0438041915,SandraR@Carol.com,20000,Lawyers,28-Jul-2017,-37.79377255,144.86137369832227
S3072,Justin Property,ABN 45 373 645 203,Brandon,Aguirre,Team Leader,112 Rowe Street,Maribyrnong,Australia,3011,0425645523,BrandonA@Justin.com,410000,Property,05-Sep-2019,-37.78120696218957,144.88790531844776
S3073,John Apparel,ABN 45 374 774 544,Craig,Henderson,Manager,61 Sydney Street,Avondale Heights,Australia,3034,0416075200,CraigH@John.com,270000,Apparel,09-Feb-2015,-37.7671887,144.86101069415665
S3074,Ann Physiotherapy,ABN 41 375 498 344,Margaret,Hale,Operations,36 Amery Street,Reservoir,Australia,3060,0440166641,MargaretH@Ann.com,340000,Physiotherapy,30-Dec-2019,-37.696115116681796,144.98717769558186
S3075,Tiffany Apparel,ABN 45 376 312 757,Lee,Jones,Operations,73 Kingston Road,Clarinda,Australia,3169,0436273016,LeeJ@Tiffany.com,500000,Apparel,03-Aug-2019,-37.956829099030166,145.10691784367148
S3076,Stephanie Clinic,ABN 47 377 126 660,Richard,Ward,Director,42 Little Berry Street,Yarraville,Australia,3013,0432435721,RichardW@Stephanie.com,320000,Clinic,16-Nov-2016,-37.8110859,144.8962717
S3077,Michele Management,ABN 44 378 482 301,Jason,Jackson,Consultant,112 Barongarook Court,Lower Plenty,Australia,3093,0426003205,JasonJ@Michele.com,420000,Management,10-Jul-2015,-37.7245064,145.1103321
S3078,Jose Builders,ABN 44 379 589 591,Brooke,Reed,Operations,38 Christies Road,Ravenhall,Australia,3023,0416992681,BrookeR@Jose.com,40000,Builders,18-Jul-2019,-37.76432665120283,144.73894149920827
S3079,Mark Digital,ABN 47 380 123 857,Anthony,Jefferson,Team Leader,116 Argus Walk,Alphington,Australia,3078,0428126605,AnthonyJ@Mark.com,280000,Digital,30-Nov-2017,-37.78396660464285,145.02698892963508
S3080,Russell Lawyers,ABN 45 381 409 477,James,Anderson,Manager,102 Disney Street,Fawkner,Australia,3060,0424685465,JamesA@Russell.com,710000,Lawyers,15-Jun-2017,-37.69894809181092,144.96337865635917
S3081,Alexandra Builders,ABN 46 382 880 578,Lauren,Anderson,Assistant,122 Ajax Street,Truganina,Australia,3029,0442853849,LaurenA@Alexandra.com,690000,Builders,02-Aug-2016,-37.835584125518665,144.7229302073309
S3082,Nancy Management,ABN 42 383 612 748,Elizabeth,Edwards,Consultant,77 Main Street,Greensborough,Australia,3088,0428827468,ElizabethE@Nancy.com,240000,Management,19-Dec-2019,-37.7030166,145.10291768998337
S3083,Mary Clinic,ABN 47 384 405 272,Brian,Rocha,Administator,24 Boundary Road,Dingley Village,Australia,3172,0441981822,BrianR@Mary.com,670000,Clinic,05-Nov-2019,-37.967132867244985,145.11109325473674
S3084,William Finance,ABN 42 385 674 247,Brianna,Rogers,Consultant,20 Larter Court,Wantirna South,Australia,3152,0412719709,BriannaR@William.com,770000,Finance,15-Apr-2015,-37.8851558,145.2197289
S3085,Jessica Clinic,ABN 42 386 592 614,Harold,Chaney,Team Leader,89 Boundary Road,Laverton North,Australia,3026,0446009286,HaroldC@Jessica.com,310000,Clinic,26-Apr-2015,-37.81242307833912,144.77095287970292
S3086,Robert Clinic,ABN 43 387 299 747,Melissa,Harvey,Administator,114 Heard Avenue,Plenty,Australia,3090,0431160879,MelissaH@Robert.com,400000,Clinic,27-Jun-2019,-37.67060268498043,145.12682644634472
S3087,Karen Computers,ABN 46 388 106 109,Bradley,Rodriguez,Operations,107 Barkly Close,,Australia,3037,0426003398,BradleyR@Karen.com,290000,Computers,02-May-2018,-37.723762129604175,144.74103199301805
S3088,James Events,ABN 42 389 414 773,Emily,Brown,Administator,71 Bay Trail,Mentone,Australia,3194,0415683496,EmilyB@James.com,750000,Events,23-Oct-2014,-37.987552152243175,145.0569645528332
S3089,Stephen Events,ABN 46 390 827 581,Jeremy,Koch,Director,117 Timothy Court,Templestowe,Australia,3106,0411678758,JeremyK@Stephen.com,270000,Events,25-Sep-2015,-37.7460639679806,145.1536623363222
S3090,Christine Digital,ABN 43 391 498 897,Elizabeth,Larson,Administator,20 Melaleuca Close,Hillside,Australia,3037,0440208976,ElizabethL@Christine.com,490000,Digital,15-Oct-2017,-37.69407063904255,144.7368760975573
S3091,Brandy Physiotherapy,ABN 45 392 543 107,Linda,Donaldson,Director,45 Riversdale Road,Camberwell,Australia,3124,0431670201,LindaD@Brandy.com,370000,Physiotherapy,19-Aug-2018,-37.8321349,145.06096150287533
S3092,Chris Lawyers,ABN 47 393 455 339,Hector,Park,Director,112 Mulberry Parade,Heidelberg West,Australia,3081,0460440567,HectorP@Chris.com,790000,Lawyers,13-Nov-2019,-37.74508537137479,145.03894655531897
S3093,Ronald Accounting,ABN 44 394 582 439,Audrey,Ross,Manager,121 Peronne Street,Pascoe Vale South,Australia,3044,0418587507,AudreyR@Ronald.com,470000,Accounting,05-Dec-2015,-37.739809169554945,144.9366394786617
S3094,Chelsea Builders,ABN 42 395 758 883,Paige,Jimenez,Manager,115 South Centre Road,Melbourne Airport,Australia,3045,0446279033,PaigeJ@Chelsea.com,390000,Builders,04-Apr-2019,-37.70382365317058,144.8581775575742
S3095,Richard Clinic,ABN 42 396 712 319,Jennifer,Weeks,Assistant,64 Beecroft Drive,Westmeadows,Australia,3049,0456595023,JenniferW@Richard.com,780000,Clinic,04-Aug-2015,-37.676608133513184,144.87879611670664
S3096,Zachary Lawyers,ABN 44 397 380 528,Tom,Dalton,Team Leader,51 Lawson Street,Oakleigh East,Australia,3800,0431101641,TomD@Zachary.com,290000,Lawyers,08-Jan-2017,-37.904692135689594,145.1177327055794
S3097,Julie Apparel,ABN 42 398 293 588,Danielle,Riggs,Administator,36 Napier Street,South Melbourne,Australia,3205,0459157095,DanielleR@Julie.com,840000,Apparel,02-Jun-2019,-37.83521575733247,144.96597164483882
S3098,Edwin Clinic,ABN 43 399 724 727,Kyle,King,Manager,120 Perennial Drive,Sunshine North,Australia,3034,0418851059,KyleK@Edwin.com,480000,Clinic,08-Jan-2020,-37.7591215,144.8470351
S3099,Thomas Digital,ABN 45 400 298 800,Sarah,Reyes,Team Leader,68 Bushmans Way,South Morang,Australia,3090,0417618576,SarahR@Thomas.com,670000,Digital,24-Dec-2015,-37.6413204710527,145.0998560234785
